t, x(t)
0.000000, 1.000000
0.100000, 1.089005
0.200000, 1.134586
0.300000, 1.248936
0.400000, 1.390161
0.500000, 1.475602
0.600000, 1.553451
0.700000, 1.716007
0.800000, 1.846836
0.900000, 1.916906
1.000000, 2.115871
1.100000, 2.369991
1.200000, 2.517872
1.300000, 2.680323
1.400000, 2.877180
1.500000, 3.099443
1.600000, 3.369028
1.700000, 3.356148
1.800000, 3.438779
1.900000, 3.660787
2.000000, 3.808185
2.100000, 3.892699
2.200000, 3.964889
2.300000, 4.025073
2.400000, 4.062926
2.500000, 3.961469
2.600000, 3.984177
2.700000, 3.647374
2.800000, 3.539695
2.900000, 3.347337
3.000000, 3.337135
3.100000, 3.078766
3.200000, 2.912595
3.300000, 2.688892
3.400000, 2.440356
3.500000, 2.263339
3.600000, 2.050991
3.700000, 1.854296
3.800000, 1.677063
3.900000, 1.539634
4.000000, 1.368607
4.100000, 1.288171
4.200000, 1.130196
4.300000, 1.009286
4.400000, 0.898922
4.500000, 0.749642
4.600000, 0.710448
4.700000, 0.646301
4.800000, 0.606542
4.900000, 0.559709
5.000000, 0.550874
5.100000, 0.518601
5.200000, 0.502481
5.300000, 0.479950
5.400000, 0.489990
5.500000, 0.473759
5.600000, 0.481533
5.700000, 0.504279
5.800000, 0.501505
5.900000, 0.500202
6.000000, 0.513811
6.100000, 0.541505
6.200000, 0.564577
6.300000, 0.613813
6.400000, 0.679843
6.500000, 0.750525
6.600000, 0.807273
6.700000, 0.850903
6.800000, 0.919853
6.900000, 1.065504
7.000000, 1.169698
7.100000, 1.322399
7.200000, 1.480692
7.300000, 1.562681
7.400000, 1.694467
7.500000, 1.729078
7.600000, 1.926684
7.700000, 2.128527
7.800000, 2.218735
7.900000, 2.529104
8.000000, 2.749102
8.100000, 2.966270
8.200000, 2.984939
8.300000, 3.139105
8.400001, 3.310976
8.500000, 3.409532
8.600000, 3.342940
8.700000, 3.550825
8.800000, 3.612699
8.900001, 3.600643
9.000000, 3.560566
9.100000, 3.510773
9.200000, 3.370068
9.300000, 3.117447
9.400001, 2.943266
9.500000, 2.687264
9.600000, 2.388469
9.700000, 2.202790
9.800000, 1.851215
9.900001, 1.622704
t, x(t)
0.000000, 1.000000
0.100000, 1.033461
0.200000, 1.121169
0.300000, 1.206857
0.400000, 1.305617
0.500000, 1.424072
0.600000, 1.568988
0.700000, 1.721699
0.800000, 1.905785
0.900000, 2.094916
1.000000, 2.277246
1.100000, 2.447461
1.200000, 2.604641
1.300000, 2.795638
1.400000, 3.018917
1.500000, 3.270679
1.600000, 3.439345
1.700000, 3.631640
1.800000, 3.819402
1.900000, 4.078420
2.000000, 4.262300
2.100000, 4.179046
2.200000, 4.393964
2.300000, 4.699825
2.400000, 4.804384
2.500000, 4.628136
2.600000, 4.308589
2.700000, 4.154142
2.800000, 3.918955
2.900000, 3.842360
3.000000, 3.557757
3.100000, 3.372815
3.200000, 3.187452
3.300000, 2.922384
3.400000, 2.787337
3.500000, 2.614624
3.600000, 2.433892
3.700000, 2.154704
3.800000, 1.889181
3.900000, 1.653082
4.000000, 1.425951
4.100000, 1.288908
4.200000, 1.272196
4.300000, 1.193506
4.400000, 1.134228
4.500000, 1.053392
4.600000, 0.924653
4.700000, 0.902850
4.800000, 0.833183
4.900000, 0.805500
5.000000, 0.756553
5.100000, 0.782502
5.200000, 0.716514
5.300000, 0.719648
5.400000, 0.705899
5.500000, 0.678927
5.600000, 0.678991
5.700000, 0.720652
5.800000, 0.745569
5.900000, 0.769446
6.000000, 0.791115
6.100000, 0.850675
6.200000, 0.942892
6.300000, 1.020451
6.400000, 1.083135
6.500000, 1.171745
6.600000, 1.287163
6.700000, 1.441678
6.800000, 1.598852
6.900000, 1.638396
7.000000, 1.757182
7.100000, 1.902294
7.200000, 2.129369
7.300000, 2.427978
7.400000, 2.682452
7.500000, 2.865235
7.600000, 3.057475
7.700000, 3.411226
7.800000, 3.578468
7.900000, 3.761006
8.000000, 4.175663
8.100000, 4.404921
8.200000, 4.541770
8.300000, 4.425477
8.400001, 4.585189
8.500000, 4.632527
8.600000, 4.625534
8.700000, 4.536297
8.800000, 4.544752
8.900001, 4.321094
9.000000, 4.298511
9.100000, 4.349037
9.200000, 4.106611
9.300000, 3.826619
9.400001, 3.690613
9.500000, 3.410532
9.600000, 3.209487
9.700000, 2.835534
9.800000, 2.480973
9.900001, 2.363190
t, x(t)
0.000000, 1.000000
0.100000, 1.069595
0.200000, 1.145399
0.300000, 1.292031
0.400000, 1.428546
0.500000, 1.634518
0.600000, 1.780696
0.700000, 1.954526
0.800000, 2.204515
0.900000, 2.374495
1.000000, 2.487668
1.100000, 2.633780
1.200000, 2.903997
1.300000, 3.094930
1.400000, 3.327085
1.500000, 3.624190
1.600000, 3.946451
1.700000, 4.073105
1.800000, 4.444602
1.900000, 4.658803
2.000000, 4.778092
2.100000, 4.842196
2.200000, 4.702080
2.300000, 4.655097
2.400000, 4.483257
2.500000, 4.433846
2.600000, 3.966277
2.700000, 4.016947
2.800000, 3.948554
2.900000, 3.810999
3.000000, 3.475540
3.100000, 3.420856
3.200000, 3.310494
3.300000, 2.912730
3.400000, 2.721872
3.500000, 2.342547
3.600000, 2.135711
3.700000, 1.958783
3.800000, 1.796676
3.900000, 1.548309
4.000000, 1.367478
4.100000, 1.162063
4.200000, 1.027579
4.300000, 0.902834
4.400000, 0.848159
4.500000, 0.804274
4.600000, 0.752989
4.700000, 0.617994
4.800000, 0.562403
4.900000, 0.491256
5.000000, 0.453466
5.100000, 0.436397
5.200000, 0.436643
5.300000, 0.388196
5.400000, 0.359957
5.500000, 0.354065
5.600000, 0.365349
5.700000, 0.345824
5.800000, 0.346873
5.900000, 0.358800
6.000000, 0.363731
6.100000, 0.395092
6.200000, 0.408603
6.300000, 0.454517
6.400000, 0.480479
6.500000, 0.516772
6.600000, 0.556196
6.700000, 0.588040
6.800000, 0.621588
6.900000, 0.675750
7.000000, 0.746527
7.100000, 0.817452
7.200000, 0.909436
7.300000, 0.938054
7.400000, 1.055591
7.500000, 1.162082
7.600000, 1.275939
7.700000, 1.346356
7.800000, 1.406217
7.900000, 1.477563
8.000000, 1.584413
8.100000, 1.673292
8.200000, 1.784815
8.300000, 1.928759
8.400001, 1.997760
8.500000, 1.944099
8.600000, 1.943728
8.700000, 2.025578
8.800000, 2.006493
8.900001, 2.032719
9.000000, 1.927895
9.100000, 1.778324
9.200000, 1.698711
9.300000, 1.667560
9.400001, 1.603048
9.500000, 1.414242
9.600000, 1.394804
9.700000, 1.210770
9.800000, 1.032184
9.900001, 0.954592
t, x(t)
0.000000, 1.000000
0.100000, 1.081553
0.200000, 1.192703
0.300000, 1.281524
0.400000, 1.400788
0.500000, 1.621359
0.600000, 1.720694
0.700000, 1.906861
0.800000, 2.119822
0.900000, 2.406384
1.000000, 2.526565
1.100000, 2.830101
1.200000, 3.114317
1.300000, 3.330751
1.400000, 3.617956
1.500000, 3.858370
1.600000, 3.999216
1.700000, 4.210647
1.800000, 4.280243
1.900000, 4.438545
2.000000, 4.677491
2.100000, 4.822067
2.200000, 4.946290
2.300000, 4.401628
2.400000, 4.284195
2.500000, 4.370769
2.600000, 4.220104
2.700000, 4.074280
2.800000, 4.168188
2.900000, 3.952548
3.000000, 3.592023
3.100000, 3.200692
3.200000, 2.953122
3.300000, 2.534746
3.400000, 2.350189
3.500000, 1.978005
3.600000, 1.708400
3.700000, 1.556530
3.800000, 1.417483
3.900000, 1.301695
4.000000, 1.215238
4.100000, 1.039310
4.200000, 0.971037
4.300000, 0.884173
4.400000, 0.807183
4.500000, 0.731695
4.600000, 0.651827
4.700000, 0.568912
4.800000, 0.535404
4.900000, 0.497112
5.000000, 0.495433
5.100000, 0.447044
5.200000, 0.445124
5.300000, 0.455194
5.400000, 0.448303
5.500000, 0.474879
5.600000, 0.472358
5.700000, 0.479022
5.800000, 0.489413
5.900000, 0.508399
6.000000, 0.562811
6.100000, 0.569122
6.200000, 0.587800
6.300000, 0.641628
6.400000, 0.685821
6.500000, 0.765596
6.600000, 0.816284
6.700000, 0.897213
6.800000, 1.011362
6.900000, 1.143210
7.000000, 1.235208
7.100000, 1.380011
7.200000, 1.479358
7.300000, 1.630244
7.400000, 1.809862
7.500000, 1.981254
7.600000, 2.159567
7.700000, 2.449532
7.800000, 2.707752
7.900000, 2.900628
8.000000, 3.006048
8.100000, 2.967781
8.200000, 2.907118
8.300000, 2.926668
8.400001, 3.058096
8.500000, 3.165140
8.600000, 3.282557
8.700000, 3.383938
8.800000, 3.344959
8.900001, 3.468253
9.000000, 3.580483
9.100000, 3.453612
9.200000, 3.403341
9.300000, 3.213737
9.400001, 3.087611
9.500000, 2.881664
9.600000, 2.781822
9.700000, 2.434477
9.800000, 2.289828
9.900001, 2.085186
t, x(t)
0.000000, 1.000000
0.100000, 1.078549
0.200000, 1.159971
0.300000, 1.262408
0.400000, 1.487401
0.500000, 1.499656
0.600000, 1.646741
0.700000, 1.754264
0.800000, 1.898498
0.900000, 2.153635
1.000000, 2.292218
1.100000, 2.643527
1.200000, 2.833464
1.300000, 3.159885
1.400000, 3.181087
1.500000, 3.326626
1.600000, 3.550300
1.700000, 3.786601
1.800000, 3.933417
1.900000, 4.439794
2.000000, 4.818525
2.100000, 5.069444
2.200000, 5.065897
2.300000, 4.889010
2.400000, 4.817989
2.500000, 4.587525
2.600000, 4.224807
2.700000, 4.115340
2.800000, 3.967611
2.900000, 3.833703
3.000000, 3.666597
3.100000, 3.344627
3.200000, 3.214279
3.300000, 2.752071
3.400000, 2.587977
3.500000, 2.275683
3.600000, 2.192976
3.700000, 2.064101
3.800000, 1.825937
3.900000, 1.656974
4.000000, 1.535459
4.100000, 1.307365
4.200000, 1.163037
4.300000, 1.044314
4.400000, 0.975551
4.500000, 0.919403
4.600000, 0.826957
4.700000, 0.781436
4.800000, 0.696023
4.900000, 0.641725
5.000000, 0.625543
5.100000, 0.618410
5.200000, 0.597516
5.300000, 0.573018
5.400000, 0.549682
5.500000, 0.549644
5.600000, 0.537993
5.700000, 0.546101
5.800000, 0.532949
5.900000, 0.555647
6.000000, 0.576069
6.100000, 0.616692
6.200000, 0.661630
6.300000, 0.696790
6.400000, 0.767994
6.500000, 0.787344
6.600000, 0.854436
6.700000, 0.956919
6.800000, 1.139412
6.900000, 1.214668
7.000000, 1.304497
7.100000, 1.506259
7.200000, 1.604822
7.300000, 1.668517
7.400000, 1.841861
7.500000, 1.925959
7.600000, 2.101624
7.700000, 2.336367
7.800000, 2.592983
7.900000, 2.830108
8.000000, 2.939567
8.100000, 3.180974
8.200000, 3.342251
8.300000, 3.418573
8.400001, 3.501111
8.500000, 3.551957
8.600000, 3.604276
8.700000, 3.747678
8.800000, 3.649043
8.900001, 3.497895
9.000000, 3.498587
9.100000, 3.314884
9.200000, 3.260316
9.300000, 2.888390
9.400001, 2.547580
9.500000, 2.314441
9.600000, 2.103667
9.700000, 1.870967
9.800000, 1.638414
9.900001, 1.493703
t, x(t)
0.000000, 1.000000
0.100000, 1.015620
0.200000, 1.083768
0.300000, 1.239367
0.400000, 1.389186
0.500000, 1.517464
0.600000, 1.723189
0.700000, 1.865639
0.800000, 1.983510
0.900000, 2.264318
1.000000, 2.368147
1.100000, 2.490224
1.200000, 2.780171
1.300000, 3.044764
1.400000, 3.337126
1.500000, 3.589086
1.600000, 3.902372
1.700000, 4.244043
1.800000, 4.604228
1.900000, 4.835927
2.000000, 5.103245
2.100000, 5.401597
2.200000, 5.490473
2.300000, 5.773426
2.400000, 5.680952
2.500000, 5.858703
2.600000, 5.455439
2.700000, 5.324329
2.800000, 4.904830
2.900000, 4.798064
3.000000, 4.328440
3.100000, 3.877990
3.200000, 3.788328
3.300000, 3.364494
3.400000, 3.102135
3.500000, 2.643610
3.600000, 2.375535
3.700000, 2.221833
3.800000, 2.008080
3.900000, 1.816354
4.000000, 1.694784
4.100000, 1.515534
4.200000, 1.310153
4.300000, 1.236204
4.400000, 1.142400
4.500000, 1.054795
4.600000, 0.992852
4.700000, 0.887290
4.800000, 0.862503
4.900000, 0.822248
5.000000, 0.845774
5.100000, 0.832781
5.200000, 0.823089
5.300000, 0.816692
5.400000, 0.828206
5.500000, 0.839427
5.600000, 0.804870
5.700000, 0.805617
5.800000, 0.878441
5.900000, 0.945150
6.000000, 0.929055
6.100000, 0.932385
6.200000, 0.983095
6.300000, 1.050703
6.400000, 1.154192
6.500000, 1.215510
6.600000, 1.339852
6.700000, 1.457033
6.800000, 1.605984
6.900000, 1.714818
7.000000, 1.908765
7.100000, 2.142432
7.200000, 2.298560
7.300000, 2.543429
7.400000, 2.843451
7.500000, 3.068144
7.600000, 3.437948
7.700000, 3.869622
7.800000, 4.265496
7.900000, 4.575073
8.000000, 4.789159
8.100000, 5.062561
8.200000, 5.048137
8.300000, 5.244992
8.400001, 5.624734
8.500000, 5.761399
8.600000, 5.472886
8.700000, 5.568456
8.800000, 5.547499
8.900001, 5.351553
9.000000, 5.096105
9.100000, 4.651945
9.200000, 4.219761
9.300000, 4.091292
9.400001, 3.665740
9.500000, 3.284633
9.600000, 3.079081
9.700000, 2.894044
9.800000, 2.560497
9.900001, 2.371891
t, x(t)
0.000000, 1.000000
0.100000, 1.138606
0.200000, 1.214525
0.300000, 1.298855
0.400000, 1.443916
0.500000, 1.664884
0.600000, 1.791385
0.700000, 2.042598
0.800000, 2.236434
0.900000, 2.446531
1.000000, 2.800249
1.100000, 3.042983
1.200000, 3.350125
1.300000, 3.699942
1.400000, 4.016860
1.500000, 4.406723
1.600000, 4.746279
1.700000, 4.989416
1.800000, 5.048729
1.900000, 5.432417
2.000000, 5.444900
2.100000, 5.796427
2.200000, 5.792842
2.300000, 5.811697
2.400000, 5.536401
2.500000, 5.306427
2.600000, 5.221724
2.700000, 5.157303
2.800000, 4.899963
2.900000, 4.452234
3.000000, 4.201872
3.100000, 4.062782
3.200000, 3.627440
3.300000, 3.441903
3.400000, 3.181722
3.500000, 2.874175
3.600000, 2.515851
3.700000, 2.345018
3.800000, 2.073854
3.900000, 1.921857
4.000000, 1.870058
4.100000, 1.677818
4.200000, 1.631006
4.300000, 1.521093
4.400000, 1.394344
4.500000, 1.275071
4.600000, 1.174717
4.700000, 1.111552
4.800000, 1.016865
4.900000, 0.912456
5.000000, 0.880550
5.100000, 0.835398
5.200000, 0.805059
5.300000, 0.778268
5.400000, 0.755820
5.500000, 0.738124
5.600000, 0.707721
5.700000, 0.706964
5.800000, 0.747412
5.900000, 0.805222
6.000000, 0.854770
6.100000, 0.888992
6.200000, 0.911428
6.300000, 1.006970
6.400000, 1.081517
6.500000, 1.165431
6.600000, 1.250320
6.700000, 1.353023
6.800000, 1.466027
6.900000, 1.573999
7.000000, 1.744687
7.100000, 1.940711
7.200000, 2.085670
7.300000, 2.350657
7.400000, 2.627549
7.500000, 2.738496
7.600000, 3.193911
7.700000, 3.199645
7.800000, 3.331302
7.900000, 3.432067
8.000000, 3.747886
8.100000, 4.004475
8.200000, 4.157978
8.300000, 4.180514
8.400001, 4.478593
8.500000, 4.494614
8.600000, 4.504842
8.700000, 4.308464
8.800000, 4.554273
8.900001, 4.471090
9.000000, 4.315609
9.100000, 4.310649
9.200000, 3.999674
9.300000, 3.687461
9.400001, 3.467170
9.500000, 3.260616
9.600000, 2.929400
9.700000, 2.679947
9.800000, 2.406187
9.900001, 2.176122
t, x(t)
0.000000, 1.000000
0.100000, 1.050113
0.200000, 1.124799
0.300000, 1.211411
0.400000, 1.292987
0.500000, 1.382798
0.600000, 1.567783
0.700000, 1.793322
0.800000, 1.916492
0.900000, 2.052948
1.000000, 2.275442
1.100000, 2.430499
1.200000, 2.780117
1.300000, 3.118617
1.400000, 3.377630
1.500000, 3.850963
1.600000, 4.041529
1.700000, 4.335605
1.800000, 4.450130
1.900000, 4.897083
2.000000, 5.106719
2.100000, 5.168325
2.200000, 5.219664
2.300000, 5.528292
2.400000, 5.473003
2.500000, 5.590261
2.600000, 5.521077
2.700000, 5.463645
2.800000, 5.541832
2.900000, 4.900426
3.000000, 4.716885
3.100000, 4.445102
3.200000, 4.191792
3.300000, 3.942600
3.400000, 3.637856
3.500000, 3.208862
3.600000, 2.816167
3.700000, 2.532242
3.800000, 2.343214
3.900000, 2.156858
4.000000, 1.970794
4.100000, 1.744275
4.200000, 1.588888
4.300000, 1.418975
4.400000, 1.313130
4.500000, 1.216617
4.600000, 1.118795
4.700000, 1.029544
4.800000, 0.925470
4.900000, 0.883791
5.000000, 0.854737
5.100000, 0.835008
5.200000, 0.833798
5.300000, 0.795517
5.400000, 0.734311
5.500000, 0.750272
5.600000, 0.764922
5.700000, 0.785011
5.800000, 0.786871
5.900000, 0.776985
6.000000, 0.850884
6.100000, 0.880785
6.200000, 0.889611
6.300000, 0.946439
6.400000, 0.978808
6.500000, 1.041280
6.600000, 1.115341
6.700000, 1.223412
6.800000, 1.335089
6.900000, 1.401848
7.000000, 1.564586
7.100000, 1.739009
7.200000, 1.963260
7.300000, 2.157426
7.400000, 2.420093
7.500000, 2.614537
7.600000, 2.900064
7.700000, 3.071887
7.800000, 3.376531
7.900000, 3.628610
8.000000, 3.836581
8.100000, 4.195505
8.200000, 4.528045
8.300000, 4.760504
8.400001, 5.111810
8.500000, 5.310889
8.600000, 5.389948
8.700000, 5.006055
8.800000, 4.981632
8.900001, 4.798433
9.000000, 4.415399
9.100000, 4.128577
9.200000, 4.024740
9.300000, 3.718124
9.400001, 3.195788
9.500000, 2.895842
9.600000, 2.508038
9.700000, 2.258885
9.800000, 1.975958
9.900001, 1.747641
t, x(t)
0.000000, 1.000000
0.100000, 1.083387
0.200000, 1.156239
0.300000, 1.232205
0.400000, 1.343435
0.500000, 1.479750
0.600000, 1.636572
0.700000, 1.876364
0.800000, 2.003384
0.900000, 2.156272
1.000000, 2.457030
1.100000, 2.658545
1.200000, 2.936501
1.300000, 3.207163
1.400000, 3.451941
1.500000, 3.767401
1.600000, 3.894127
1.700000, 4.160283
1.800000, 4.350132
1.900000, 4.582459
2.000000, 4.734238
2.100000, 4.705716
2.200000, 4.838161
2.300000, 5.081468
2.400000, 5.249426
2.500000, 5.141127
2.600000, 4.980736
2.700000, 4.809524
2.800000, 4.716233
2.900000, 4.298566
3.000000, 4.131889
3.100000, 3.945394
3.200000, 3.581822
3.300000, 3.307698
3.400000, 2.875429
3.500000, 2.605805
3.600000, 2.308632
3.700000, 2.065870
3.800000, 1.904042
3.900000, 1.641200
4.000000, 1.528089
4.100000, 1.373866
4.200000, 1.216979
4.300000, 1.145436
4.400000, 1.068114
4.500000, 0.943940
4.600000, 0.890624
4.700000, 0.800379
4.800000, 0.738372
4.900000, 0.693934
5.000000, 0.653040
5.100000, 0.623407
5.200000, 0.570171
5.300000, 0.511160
5.400000, 0.496327
5.500000, 0.522929
5.600000, 0.557307
5.700000, 0.536132
5.800000, 0.548650
5.900000, 0.548896
6.000000, 0.588780
6.100000, 0.626688
6.200000, 0.634732
6.300000, 0.715222
6.400000, 0.775604
6.500000, 0.873071
6.600000, 0.990246
6.700000, 1.052946
6.800000, 1.131201
6.900000, 1.338764
7.000000, 1.537443
7.100000, 1.693640
7.200000, 1.945816
7.300000, 2.167292
7.400000, 2.381120
7.500000, 2.492330
7.600000, 2.572753
7.700000, 2.702655
7.800000, 2.669945
7.900000, 2.959668
8.000000, 3.142873
8.100000, 3.274169
8.200000, 3.340781
8.300000, 3.637486
8.400001, 3.884852
8.500000, 3.912340
8.600000, 4.130376
8.700000, 3.970633
8.800000, 3.916969
8.900001, 3.990719
9.000000, 3.757179
9.100000, 3.500273
9.200000, 3.330677
9.300000, 3.415705
9.400001, 3.015411
9.500000, 2.602871
9.600000, 2.524442
9.700000, 2.482720
9.800000, 2.316466
9.900001, 2.276787
t, x(t)
0.000000, 1.000000
0.100000, 1.064841
0.200000, 1.181569
0.300000, 1.279901
0.400000, 1.347355
0.500000, 1.466889
0.600000, 1.503346
0.700000, 1.697680
0.800000, 1.796372
0.900000, 1.894175
1.000000, 2.161615
1.100000, 2.408774
1.200000, 2.579571
1.300000, 2.928067
1.400000, 3.263455
1.500000, 3.594273
1.600000, 3.826746
1.700000, 3.940322
1.800000, 3.969386
1.900000, 4.126867
2.000000, 4.260165
2.100000, 4.530586
2.200000, 4.819408
2.300000, 4.496853
2.400000, 4.446086
2.500000, 4.374794
2.600000, 4.224023
2.700000, 3.973618
2.800000, 3.814866
2.900000, 3.688600
3.000000, 3.543826
3.100000, 3.235572
3.200000, 2.995114
3.300000, 2.611209
3.400000, 2.262845
3.500000, 2.110430
3.600000, 1.905518
3.700000, 1.703382
3.800000, 1.536278
3.900000, 1.360943
4.000000, 1.259067
4.100000, 1.203318
4.200000, 1.095133
4.300000, 0.947690
4.400000, 0.861656
4.500000, 0.768884
4.600000, 0.728711
4.700000, 0.714328
4.800000, 0.653451
4.900000, 0.641611
5.000000, 0.612344
5.100000, 0.625064
5.200000, 0.589940
5.300000, 0.559347
5.400000, 0.566261
5.500000, 0.574351
5.600000, 0.581968
5.700000, 0.556052
5.800000, 0.560451
5.900000, 0.552219
6.000000, 0.607947
6.100000, 0.645819
6.200000, 0.691538
6.300000, 0.742429
6.400000, 0.801604
6.500000, 0.850262
6.600000, 0.994535
6.700000, 1.050626
6.800000, 1.151356
6.900000, 1.280771
7.000000, 1.396197
7.100000, 1.601804
7.200000, 1.793460
7.300000, 1.960595
7.400000, 2.089692
7.500000, 2.257663
7.600000, 2.391491
7.700000, 2.499797
7.800000, 2.675319
7.900000, 2.756959
8.000000, 3.020343
8.100000, 3.128052
8.200000, 3.231214
8.300000, 3.395066
8.400001, 3.690830
8.500000, 3.972819
8.600000, 4.015285
8.700000, 4.021487
8.800000, 3.908796
8.900001, 3.939578
9.000000, 3.840950
9.100000, 3.573675
9.200000, 3.448172
9.300000, 3.176059
9.400001, 3.076432
9.500000, 2.886453
9.600000, 2.650153
9.700000, 2.523148
9.800000, 2.128664
9.900001, 1.936387
t,x(t)
0.000000, 1.000000
0.100000, 1.026149
0.200000, 1.130484
0.300000, 1.163084
0.400000, 1.292482
0.500000, 1.419979
0.600000, 1.489455
0.700000, 1.658533
0.800000, 1.875480
0.900000, 1.990895
1.000000, 2.116749
1.100000, 2.263713
1.200000, 2.380991
1.300000, 2.600044
1.400000, 2.647852
1.500000, 2.931833
1.600000, 3.025294
1.700000, 3.207483
1.800000, 3.311254
1.900000, 3.304502
2.000000, 3.341992
2.100000, 3.362998
2.200000, 3.352400
2.300000, 3.290003
2.400000, 3.325197
2.500000, 3.323448
2.600000, 3.314349
2.700000, 3.275712
2.800000, 3.009952
2.900000, 2.818235
3.000000, 2.740582
3.100000, 2.495636
3.200000, 2.242723
3.300000, 2.020461
3.400000, 1.848137
3.500000, 1.666480
3.600000, 1.414262
3.700000, 1.287009
3.800000, 1.151573
3.900000, 1.011041
4.000000, 0.905759
4.100000, 0.784219
4.200000, 0.752391
4.300000, 0.663915
4.400000, 0.589916
4.500000, 0.541100
4.600000, 0.499873
4.700000, 0.446352
4.800000, 0.424508
4.900000, 0.401497
5.000000, 0.372390
5.100000, 0.359357
5.200000, 0.349125
5.300000, 0.348681
5.400000, 0.352844
5.500000, 0.337952
5.600000, 0.326513
5.700000, 0.317883
5.800000, 0.338197
5.900000, 0.366652
6.000000, 0.394031
6.100000, 0.412734
6.200000, 0.427714
6.300000, 0.464117
6.400000, 0.476187
6.500000, 0.521307
6.600000, 0.601521
6.700000, 0.670390
6.800000, 0.704974
6.900000, 0.774855
7.000000, 0.863219
7.100000, 0.960054
7.200000, 1.036641
7.300000, 1.141452
7.400000, 1.211021
7.500000, 1.356054
7.600000, 1.470671
7.700000, 1.642494
7.800000, 1.754503
7.900000, 1.941866
8.000000, 2.096766
8.100000, 2.252000
8.200000, 2.175518
8.300000, 2.406077
8.400001, 2.520497
8.500000, 2.585517
8.600000, 2.641556
8.700000, 2.652310
8.800000, 2.584739
8.900001, 2.412269
9.000000, 2.285242
9.100000, 2.102736
9.200000, 2.033552
9.300000, 1.833362
9.400001, 1.617942
9.500000, 1.558248
9.600000, 1.484459
9.700000, 1.245689
9.800000, 1.172756
9.900001, 1.086344
0.000000, 1.000000
0.100000, 1.091574
0.200000, 1.245674
0.300000, 1.292616
0.400000, 1.413354
0.500000, 1.611594
0.600000, 1.798159
0.700000, 1.949221
0.800000, 2.135999
0.900000, 2.188983
1.000000, 2.464329
1.100000, 2.725103
1.200000, 2.856545
1.300000, 3.132619
1.400000, 3.395154
1.500000, 3.668160
1.600000, 4.005875
1.700000, 4.251212
1.800000, 4.357610
1.900000, 4.585550
2.000000, 4.893871
2.100000, 4.936291
2.200000, 4.984775
2.300000, 5.110208
2.400000, 5.138156
2.500000, 4.910505
2.600000, 4.718109
2.700000, 4.706555
2.800000, 4.295378
2.900000, 3.807863
3.000000, 3.468963
3.100000, 3.269935
3.200000, 3.102349
3.300000, 3.053984
3.400000, 2.772310
3.500000, 2.552879
3.600000, 2.253455
3.700000, 1.987029
3.800000, 1.881882
3.900000, 1.728636
4.000000, 1.553690
4.100000, 1.426387
4.200000, 1.279145
4.300000, 1.183647
4.400000, 1.110555
4.500000, 1.001942
4.600000, 0.945653
4.700000, 0.936722
4.800000, 0.903927
4.900000, 0.851463
5.000000, 0.806840
5.100000, 0.743682
5.200000, 0.693505
5.300000, 0.647432
5.400000, 0.665316
5.500000, 0.646120
5.600000, 0.641456
5.700000, 0.679280
5.800000, 0.715162
5.900000, 0.728632
6.000000, 0.713443
6.100000, 0.730992
6.200000, 0.774058
6.300000, 0.821579
6.400000, 0.874731
6.500000, 0.950558
6.600000, 1.077873
6.700000, 1.137144
6.800000, 1.261998
6.900000, 1.396453
7.000000, 1.513231
7.100000, 1.697219
7.200000, 1.855317
7.300000, 1.941347
7.400000, 2.106906
7.500000, 2.335039
7.600000, 2.500397
7.700000, 2.599495
7.800000, 2.962831
7.900000, 3.341222
8.000000, 3.616619
8.100000, 3.783869
8.200000, 3.864983
8.300000, 3.965305
8.400001, 4.204979
8.500000, 4.376894
8.600000, 4.490623
8.700000, 4.250873
8.800000, 4.100324
8.900001, 3.750653
9.000000, 3.693498
9.100000, 3.391382
9.200000, 3.332843
9.300000, 2.861915
9.400001, 2.691926
9.500000, 2.433387
9.600000, 2.241181
9.700000, 1.874169
9.800000, 1.713546
9.900001, 1.513010
0.000000, 1.000000
0.100000, 1.049634
0.200000, 1.129763
0.300000, 1.249741
0.400000, 1.369913
0.500000, 1.477467
0.600000, 1.626013
0.700000, 1.809613
0.800000, 1.852016
0.900000, 2.046893
1.000000, 2.276975
1.100000, 2.390364
1.200000, 2.532168
1.300000, 2.663615
1.400000, 2.870760
1.500000, 3.035824
1.600000, 3.306537
1.700000, 3.463271
1.800000, 3.590356
1.900000, 3.593604
2.000000, 3.721043
2.100000, 3.820764
2.200000, 3.917863
2.300000, 3.989180
2.400000, 4.106490
2.500000, 4.101635
2.600000, 4.020468
2.700000, 3.836411
2.800000, 3.766987
2.900000, 3.615284
3.000000, 3.449478
3.100000, 3.072928
3.200000, 2.873358
3.300000, 2.648039
3.400000, 2.418423
3.500000, 2.204914
3.600000, 2.015052
3.700000, 1.747777
3.800000, 1.564020
3.900000, 1.387221
4.000000, 1.183903
4.100000, 1.124266
4.200000, 1.029994
4.300000, 0.890567
4.400000, 0.813182
4.500000, 0.716904
4.600000, 0.691435
4.700000, 0.581003
4.800000, 0.568649
4.900000, 0.561868
5.000000, 0.500245
5.100000, 0.474754
5.200000, 0.452597
5.300000, 0.438424
5.400000, 0.432439
5.500000, 0.452751
5.600000, 0.445820
5.700000, 0.475821
5.800000, 0.461660
5.900000, 0.500431
6.000000, 0.533216
6.100000, 0.573900
6.200000, 0.601098
6.300000, 0.660156
6.400000, 0.738927
6.500000, 0.755568
6.600000, 0.852355
6.700000, 0.946458
6.800000, 1.021914
6.900000, 1.127895
7.000000, 1.332241
7.100000, 1.474066
7.200000, 1.547380
7.300000, 1.608041
7.400000, 1.645003
7.500000, 1.833957
7.600000, 2.046386
7.700000, 2.247169
7.800000, 2.367610
7.900000, 2.518815
8.000000, 2.598403
8.100000, 2.850142
8.200000, 2.867184
8.300000, 2.979751
8.400001, 3.069744
8.500000, 3.113393
8.600000, 3.079728
8.700000, 3.044016
8.800000, 3.040724
8.900001, 3.000114
9.000000, 2.881985
9.100000, 2.821107
9.200000, 2.663608
9.300000, 2.340755
9.400001, 2.086340
9.500000, 2.039032
9.600000, 1.839070
9.700000, 1.649000
9.800000, 1.479460
9.900001, 1.264106
0.000000, 1.000000
0.100000, 1.083733
0.200000, 1.158553
0.300000, 1.326130
0.400000, 1.425684
0.500000, 1.615766
0.600000, 1.827879
0.700000, 1.936319
0.800000, 2.079308
0.900000, 2.275895
1.000000, 2.460370
1.100000, 2.750148
1.200000, 2.872407
1.300000, 3.213252
1.400000, 3.464105
1.500000, 3.874595
1.600000, 4.154394
1.700000, 4.438785
1.800000, 4.824477
1.900000, 4.906782
2.000000, 4.949222
2.100000, 5.156506
2.200000, 5.378997
2.300000, 5.549170
2.400000, 5.259392
2.500000, 5.278391
2.600000, 4.805357
2.700000, 4.655491
2.800000, 4.399996
2.900000, 4.055125
3.000000, 3.627409
3.100000, 3.385180
3.200000, 3.151619
3.300000, 2.870278
3.400000, 2.725357
3.500000, 2.489686
3.600000, 2.158939
3.700000, 2.099758
3.800000, 1.849023
3.900000, 1.701232
4.000000, 1.621269
4.100000, 1.466035
4.200000, 1.315747
4.300000, 1.187703
4.400000, 1.074252
4.500000, 0.973668
4.600000, 0.925885
4.700000, 0.896171
4.800000, 0.862102
4.900000, 0.809199
5.000000, 0.761457
5.100000, 0.691769
5.200000, 0.669942
5.300000, 0.638634
5.400000, 0.624614
5.500000, 0.661191
5.600000, 0.687535
5.700000, 0.711475
5.800000, 0.733551
5.900000, 0.813524
6.000000, 0.837087
6.100000, 0.879917
6.200000, 0.962783
6.300000, 1.008239
6.400000, 1.136999
6.500000, 1.219536
6.600000, 1.391145
6.700000, 1.543096
6.800000, 1.715913
6.900000, 1.900710
7.000000, 2.058766
7.100000, 2.347020
7.200000, 2.496021
7.300000, 2.765146
7.400000, 3.162111
7.500000, 3.484477
7.600000, 3.757599
7.700000, 4.146997
7.800000, 4.483826
7.900000, 4.879173
8.000000, 4.893294
8.100000, 4.961003
8.200000, 5.180751
8.300000, 5.436315
8.400001, 5.772683
8.500000, 6.129313
8.600000, 6.105205
8.700000, 6.148236
8.800000, 6.109384
8.900001, 6.162621
9.000000, 5.656098
9.100000, 5.418777
9.200000, 4.844712
9.300000, 4.597637
9.400001, 4.176502
9.500000, 3.913208
9.600000, 3.361964
9.700000, 3.019762
9.800000, 2.762510
9.900001, 2.557496
0.000000, 1.000000
0.100000, 1.092928
0.200000, 1.214789
0.300000, 1.327449
0.400000, 1.427341
0.500000, 1.595881
0.600000, 1.893170
0.700000, 2.099884
0.800000, 2.349066
0.900000, 2.698132
1.000000, 2.778811
1.100000, 3.204663
1.200000, 3.515288
1.300000, 3.754460
1.400000, 4.092892
1.500000, 4.180497
1.600000, 4.494795
1.700000, 4.644694
1.800000, 4.910525
1.900000, 5.074684
2.000000, 5.264931
2.100000, 5.090282
2.200000, 5.487563
2.300000, 5.388714
2.400000, 5.663700
2.500000, 5.562707
2.600000, 5.312459
2.700000, 4.914382
2.800000, 4.748099
2.900000, 4.462580
3.000000, 4.289155
3.100000, 3.965727
3.200000, 3.430961
3.300000, 3.194557
3.400000, 2.900295
3.500000, 2.655466
3.600000, 2.386875
3.700000, 2.248357
3.800000, 2.087806
3.900000, 1.887812
4.000000, 1.683534
4.100000, 1.496889
4.200000, 1.351466
4.300000, 1.247110
4.400000, 1.144186
4.500000, 1.096398
4.600000, 1.014116
4.700000, 0.981104
4.800000, 0.931874
4.900000, 0.932499
5.000000, 0.877050
5.100000, 0.857094
5.200000, 0.880613
5.300000, 0.864894
5.400000, 0.852689
5.500000, 0.860621
5.600000, 0.812940
5.700000, 0.888190
5.800000, 0.971133
5.900000, 0.999846
6.000000, 1.049822
6.100000, 1.084156
6.200000, 1.163100
6.300000, 1.266767
6.400000, 1.378504
6.500000, 1.546199
6.600000, 1.716498
6.700000, 1.874380
6.800000, 2.043256
6.900000, 2.266084
7.000000, 2.570063
7.100000, 2.758826
7.200000, 2.994654
7.300000, 3.296718
7.400000, 3.542037
7.500000, 3.877324
7.600000, 4.315444
7.700000, 4.735127
7.800000, 4.991859
7.900000, 5.122209
8.000000, 5.428715
8.100000, 5.873781
8.200000, 6.279087
8.300000, 6.600806
8.400001, 6.677439
8.500000, 6.765596
8.600000, 6.631509
8.700000, 6.637559
8.800000, 7.047182
8.900001, 6.821050
9.000000, 6.418185
9.100000, 6.262360
9.200000, 5.792448
9.300000, 5.855062
9.400001, 5.543796
9.500000, 5.239861
9.600000, 5.010787
9.700000, 4.531481
9.800000, 4.202582
9.900001, 3.919926
0.000000, 1.000000
0.100000, 1.088302
0.200000, 1.108312
0.300000, 1.216559
0.400000, 1.365747
0.500000, 1.492985
0.600000, 1.627925
0.700000, 1.762094
0.800000, 1.960974
0.900000, 2.185267
1.000000, 2.426217
1.100000, 2.723948
1.200000, 3.038598
1.300000, 3.315167
1.400000, 3.544215
1.500000, 3.905460
1.600000, 4.179866
1.700000, 4.333285
1.800000, 4.637579
1.900000, 5.010313
2.000000, 5.434880
2.100000, 5.696973
2.200000, 5.919888
2.300000, 5.696093
2.400000, 6.080086
2.500000, 6.179963
2.600000, 6.124467
2.700000, 5.679864
2.800000, 5.470499
2.900000, 4.865569
3.000000, 4.631309
3.100000, 4.190297
3.200000, 3.965094
3.300000, 3.836452
3.400000, 3.461439
3.500000, 3.169727
3.600000, 2.949151
3.700000, 2.693820
3.800000, 2.418627
3.900000, 2.171906
4.000000, 1.941116
4.100000, 1.828161
4.200000, 1.569849
4.300000, 1.492136
4.400000, 1.325971
4.500000, 1.182211
4.600000, 1.126583
4.700000, 0.948206
4.800000, 0.896908
4.900000, 0.870588
5.000000, 0.838841
5.100000, 0.814247
5.200000, 0.828909
5.300000, 0.780248
5.400000, 0.762561
5.500000, 0.745706
5.600000, 0.767093
5.700000, 0.769563
5.800000, 0.793159
5.900000, 0.806782
6.000000, 0.826070
6.100000, 0.834262
6.200000, 0.898123
6.300000, 0.910822
6.400000, 0.949862
6.500000, 1.080135
6.600000, 1.173176
6.700000, 1.326302
6.800000, 1.420939
6.900000, 1.510657
7.000000, 1.669353
7.100000, 1.725509
7.200000, 1.817345
7.300000, 2.077429
7.400000, 2.369946
7.500000, 2.521593
7.600000, 2.814972
7.700000, 3.022342
7.800000, 3.303084
7.900000, 3.407594
8.000000, 3.544531
8.100000, 3.828289
8.200000, 3.872303
8.300000, 4.318313
8.400001, 4.224854
8.500000, 4.387296
8.600000, 4.300281
8.700000, 4.354158
8.800000, 4.430406
8.900001, 4.276213
9.000000, 4.061184
9.100000, 4.177044
9.200000, 4.010601
9.300000, 3.681756
9.400001, 3.565704
9.500000, 3.354362
9.600000, 3.150292
9.700000, 3.026797
9.800000, 2.795285
9.900001, 2.567364
0.000000, 1.000000
0.100000, 1.074221
0.200000, 1.139902
0.300000, 1.153685
0.400000, 1.232278
0.500000, 1.330497
0.600000, 1.418620
0.700000, 1.571094
0.800000, 1.733269
0.900000, 1.842077
1.000000, 1.963177
1.100000, 2.090613
1.200000, 2.399204
1.300000, 2.642460
1.400000, 2.811443
1.500000, 2.881528
1.600000, 2.894332
1.700000, 3.071501
1.800000, 3.399361
1.900000, 3.425189
2.000000, 3.483092
2.100000, 3.690983
2.200000, 3.867741
2.300000, 3.711044
2.400000, 3.654373
2.500000, 3.416077
2.600000, 3.315541
2.700000, 3.342515
2.800000, 3.100007
2.900000, 3.084749
3.000000, 2.747406
3.100000, 2.489904
3.200000, 2.279875
3.300000, 2.223769
3.400000, 1.971854
3.500000, 1.835860
3.600000, 1.822642
3.700000, 1.689288
3.800000, 1.473485
3.900000, 1.354919
4.000000, 1.252610
4.100000, 1.121610
4.200000, 0.979213
4.300000, 0.898518
4.400000, 0.832495
4.500000, 0.749039
4.600000, 0.669365
4.700000, 0.615583
4.800000, 0.580272
4.900000, 0.538583
5.000000, 0.496436
5.100000, 0.451935
5.200000, 0.435438
5.300000, 0.416105
5.400000, 0.400533
5.500000, 0.394380
5.600000, 0.402885
5.700000, 0.425802
5.800000, 0.446342
5.900000, 0.475082
6.000000, 0.471148
6.100000, 0.503942
6.200000, 0.498783
6.300000, 0.554538
6.400000, 0.610920
6.500000, 0.689116
6.600000, 0.732769
6.700000, 0.825253
6.800000, 0.911908
6.900000, 0.967943
7.000000, 1.078406
7.100000, 1.204570
7.200000, 1.370316
7.300000, 1.511489
7.400000, 1.628426
7.500000, 1.860267
7.600000, 2.096769
7.700000, 2.297316
7.800000, 2.463917
7.900000, 2.767600
8.000000, 2.812186
8.100000, 2.977804
8.200000, 2.933724
8.300000, 3.089312
8.400001, 3.126984
8.500000, 3.231276
8.600000, 3.138835
8.700000, 3.267302
8.800000, 3.338078
8.900001, 3.327551
9.000000, 3.126453
9.100000, 2.822898
9.200000, 2.834769
9.300000, 2.565559
9.400001, 2.350620
9.500000, 2.121106
9.600000, 1.848484
9.700000, 1.643192
9.800000, 1.474459
9.900001, 1.277517
0.000000, 1.000000
0.100000, 1.080726
0.200000, 1.213442
0.300000, 1.314174
0.400000, 1.494777
0.500000, 1.650914
0.600000, 1.915085
0.700000, 2.003553
0.800000, 2.163021
0.900000, 2.389360
1.000000, 2.688631
1.100000, 2.792295
1.200000, 2.977283
1.300000, 3.357474
1.400000, 3.568581
1.500000, 4.043718
1.600000, 4.281876
1.700000, 4.552414
1.800000, 4.730114
1.900000, 5.083275
2.000000, 5.164887
2.100000, 5.039533
2.200000, 5.000371
2.300000, 5.097885
2.400000, 5.166771
2.500000, 4.851537
2.600000, 4.399373
2.700000, 4.219676
2.800000, 3.857477
2.900000, 3.515452
3.000000, 3.263035
3.100000, 2.917749
3.200000, 2.647449
3.300000, 2.492538
3.400000, 2.272668
3.500000, 2.065135
3.600000, 1.935341
3.700000, 1.780868
3.800000, 1.526459
3.900000, 1.376295
4.000000, 1.228540
4.100000, 1.086372
4.200000, 0.975437
4.300000, 0.952833
4.400000, 0.810752
4.500000, 0.748497
4.600000, 0.728455
4.700000, 0.648870
4.800000, 0.625116
4.900000, 0.584315
5.000000, 0.538149
5.100000, 0.520163
5.200000, 0.493029
5.300000, 0.494832
5.400000, 0.467687
5.500000, 0.451681
5.600000, 0.461728
5.700000, 0.468507
5.800000, 0.476521
5.900000, 0.501197
6.000000, 0.526337
6.100000, 0.562294
6.200000, 0.623550
6.300000, 0.678176
6.400000, 0.723011
6.500000, 0.790202
6.600000, 0.811001
6.700000, 0.915043
6.800000, 0.999640
6.900000, 1.101955
7.000000, 1.220370
7.100000, 1.334319
7.200000, 1.526441
7.300000, 1.797710
7.400000, 1.971912
7.500000, 2.130746
7.600000, 2.302441
7.700000, 2.515913
7.800000, 2.643094
7.900000, 2.786320
8.000000, 2.923939
8.100000, 3.177621
8.200000, 3.137695
8.300000, 3.209152
8.400001, 3.213104
8.500000, 3.194739
8.600000, 3.177560
8.700000, 3.172664
8.800000, 3.250106
8.900001, 3.290309
9.000000, 3.250642
9.100000, 3.098350
9.200000, 2.926230
9.300000, 2.763091
9.400001, 2.768618
9.500000, 2.703992
9.600000, 2.421941
9.700000, 2.244748
9.800000, 1.926286
9.900001, 1.650828
0.000000, 1.000000
0.100000, 1.059036
0.200000, 1.153138
0.300000, 1.215435
0.400000, 1.414188
0.500000, 1.598412
0.600000, 1.724308
0.700000, 1.888961
0.800000, 2.120860
0.900000, 2.454942
1.000000, 2.745662
1.100000, 3.203446
1.200000, 3.626959
1.300000, 4.060745
1.400000, 4.316052
1.500000, 4.421673
1.600000, 4.670071
1.700000, 5.007250
1.800000, 5.310177
1.900000, 5.353925
2.000000, 5.239968
2.100000, 5.333993
2.200000, 5.491970
2.300000, 5.588271
2.400000, 5.514446
2.500000, 5.156355
2.600000, 4.929142
2.700000, 4.944297
2.800000, 4.926629
2.900000, 4.694509
3.000000, 4.563997
3.100000, 4.173628
3.200000, 3.826637
3.300000, 3.573579
3.400000, 3.135647
3.500000, 2.800817
3.600000, 2.354346
3.700000, 2.159700
3.800000, 1.877676
3.900000, 1.592583
4.000000, 1.341128
4.100000, 1.200338
4.200000, 1.065179
4.300000, 0.981434
4.400000, 0.859460
4.500000, 0.789810
4.600000, 0.712062
4.700000, 0.652385
4.800000, 0.598467
4.900000, 0.574668
5.000000, 0.542037
5.100000, 0.530480
5.200000, 0.511149
5.300000, 0.492089
5.400000, 0.519260
5.500000, 0.519460
5.600000, 0.531452
5.700000, 0.543035
5.800000, 0.530391
5.900000, 0.535775
6.000000, 0.536961
6.100000, 0.578466
6.200000, 0.607301
6.300000, 0.614051
6.400000, 0.612755
6.500000, 0.673518
6.600000, 0.727731
6.700000, 0.806539
6.800000, 0.829707
6.900000, 0.928914
7.000000, 1.020777
7.100000, 1.163898
7.200000, 1.227200
7.300000, 1.351067
7.400000, 1.469716
7.500000, 1.625634
7.600000, 1.692363
7.700000, 1.838264
7.800000, 1.984339
7.900000, 2.221264
8.000000, 2.401824
8.100000, 2.483376
8.200000, 2.466090
8.300000, 2.500421
8.400001, 2.584622
8.500000, 2.593488
8.600000, 2.799254
8.700000, 2.841033
8.800000, 2.939414
8.900001, 2.910940
9.000000, 2.836120
9.100000, 2.681940
9.200000, 2.586986
9.300000, 2.338029
9.400001, 2.210451
9.500000, 2.082951
9.600000, 1.880400
9.700000, 1.789915
9.800000, 1.641580
9.900001, 1.569322
0.000000, 1.000000
0.100000, 1.055230
0.200000, 1.142471
0.300000, 1.251232
0.400000, 1.352619
0.500000, 1.421680
0.600000, 1.533317
0.700000, 1.649098
0.800000, 1.781122
0.900000, 1.958454
1.000000, 2.183774
1.100000, 2.361723
1.200000, 2.645437
1.300000, 2.954837
1.400000, 3.208761
1.500000, 3.531743
1.600000, 3.787745
1.700000, 4.149103
1.800000, 4.316217
1.900000, 4.494695
2.000000, 4.652513
2.100000, 4.530957
2.200000, 4.683414
2.300000, 4.373199
2.400000, 4.489310
2.500000, 4.482728
2.600000, 4.205687
2.700000, 3.971244
2.800000, 3.975930
2.900000, 3.690644
3.000000, 3.571657
3.100000, 3.273909
3.200000, 3.031941
3.300000, 2.858108
3.400000, 2.538458
3.500000, 2.261793
3.600000, 2.096841
3.700000, 1.720052
3.800000, 1.657602
3.900000, 1.458240
4.000000, 1.224716
4.100000, 1.098541
4.200000, 0.982763
4.300000, 0.898342
4.400000, 0.802900
4.500000, 0.742758
4.600000, 0.659238
4.700000, 0.599449
4.800000, 0.554842
4.900000, 0.509837
5.000000, 0.475235
5.100000, 0.420023
5.200000, 0.418626
5.300000, 0.410357
5.400000, 0.420320
5.500000, 0.421385
5.600000, 0.419708
5.700000, 0.421199
5.800000, 0.429660
5.900000, 0.438947
6.000000, 0.455731
6.100000, 0.491839
6.200000, 0.502773
6.300000, 0.546604
6.400000, 0.579444
6.500000, 0.614283
6.600000, 0.669586
6.700000, 0.690794
6.800000, 0.768260
6.900000, 0.878803
7.000000, 0.980627
7.100000, 1.132564
7.200000, 1.248229
7.300000, 1.400106
7.400000, 1.452070
7.500000, 1.632858
7.600000, 1.827784
7.700000, 1.845392
7.800000, 1.989375
7.900000, 2.093744
8.000000, 2.151434
8.100000, 2.286980
8.200000, 2.530115
8.300000, 2.675741
8.400001, 2.939172
8.500000, 2.970221
8.600000, 3.016380
8.700000, 3.151291
8.800000, 3.144375
8.900001, 3.249181
9.000000, 3.047131
9.100000, 2.718022
9.200000, 2.618900
9.300000, 2.340579
9.400001, 2.168963
9.500000, 2.061812
9.600000, 1.751888
9.700000, 1.663800
9.800000, 1.549125
9.900001, 1.302828
